{
  "composite_ranking": {
    "score_mean": 0.5749615674841122,
    "score_std": 0.046716810623723966,
    "score_min": 0.47561408544190326,
    "score_max": 0.7018027057608295,
    "score_range": 0.22618862031892623,
    "effective_range_utilization": 0.22618862031892623,
    "raw_score_mean": 0.6321920770425375,
    "raw_score_std": 0.07039082376454074,
    "raw_score_min": 0.4593568090698388,
    "raw_score_max": 0.7847273829834353,
    "dampening_by_bracket": {
      "0-3": {
        "count": 2,
        "mean_raw": 0.621056420272429,
        "mean_dampened": 0.5171189803862428,
        "mean_delta": 0.10393743988618626
      },
      "4-7": {
        "count": 38,
        "mean_raw": 0.6113774141061457,
        "mean_dampened": 0.5455154086486099,
        "mean_delta": 0.06586200545753608
      },
      "8-14": {
        "count": 59,
        "mean_raw": 0.6455778361871702,
        "mean_dampened": 0.5945198723111735,
        "mean_delta": 0.05105796387599643
      },
      "15+": {
        "count": 1,
        "mean_raw": 0.6556607926323189,
        "mean_dampened": 0.6556607926323189,
        "mean_delta": 0.0
      }
    },
    "sensitivity_kendall_tau": {
      "reliability_score": [
        0.12686868686868688,
        0.0787878787878788,
        0.22141414141414145,
        0.22303030303030305,
        1.0,
        0.2052525252525253,
        0.14747474747474748,
        0.018585858585858588,
        0.03757575757575758
      ],
      "sentiment_score": [
        0.1466666666666667,
        -0.019393939393939397,
        0.18666666666666668,
        0.04727272727272728,
        1.0,
        0.15030303030303033,
        0.15030303030303033,
        0.2367676767676768,
        0.15111111111111114
      ],
      "review_count": [
        0.17171717171717174,
        0.02545454545454546,
        0.24121212121212124,
        0.21333333333333335,
        1.0,
        1.0,
        0.42141414141414146,
        0.14181818181818184,
        0.19070707070707074
      ],
      "sessions_completed": [
        0.0294949494949495,
        0.15919191919191922,
        0.2472727272727273,
        0.3127272727272728,
        1.0,
        0.48444444444444446,
        0.2064646464646465,
        0.20080808080808082,
        0.235959595959596
      ],
      "average_rating": [
        0.08808080808080809,
        0.07717171717171718,
        0.05535353535353536,
        0.0783838383838384,
        1.0,
        0.17818181818181822,
        0.07717171717171718,
        0.08929292929292931,
        0.18020202020202022
      ],
      "cancellation_rate": [
        0.18141414141414144,
        0.20202020202020204,
        0.3268686868686869,
        0.3826262626262627,
        1.0,
        0.4597979797979798,
        0.11959595959595962,
        0.20000000000000004,
        0.27797979797979805
      ]
    },
    "ndcg_at_k": {
      "5": 0.9491868933791632,
      "10": 0.9727537580385772,
      "20": 0.9790387081580123,
      "50": 0.9847822288218607,
      "100": 0.9942797162354424
    },
    "feature_rank_correlations": {
      "reliability_score": {
        "spearman_rho": 0.3766456645664566,
        "p_value": 0.00011230282558680943
      },
      "sentiment_score": {
        "spearman_rho": 0.47188718871887186,
        "p_value": 7.191154045146283e-07
      },
      "review_count": {
        "spearman_rho": 0.6334131425697639,
        "p_value": 1.5263191065029838e-12
      },
      "sessions_completed": {
        "spearman_rho": 0.02528066646683173,
        "p_value": 0.802843987693813
      },
      "average_rating": {
        "spearman_rho": 0.264074407440744,
        "p_value": 0.007934471080202697
      },
      "cancellation_rate": {
        "spearman_rho": 0.0035403540354035402,
        "p_value": 0.9721128052950596
      }
    },
    "mean_rank_gap": 0.0022847335385750124,
    "min_rank_gap": 1.104887737302107e-06,
    "max_rank_gap": 0.03466821509523743,
    "raw_dampened_kendall_tau": 0.0294949494949495
  }
}